3321844720,Alicia,Ramos,1990-12-11,aliciaramos@mail.com,Jl Otto Iskandardinata Raya 121 Bidara Cina,2022-06-08
3264044652,Kevin,Yates,1989-05-12,kevinyates@mail.com,Jl Raya Bekasi Km 26 2 Ujung Menteng,2022-04-01
3959844644,Eric,Pena,2008-05-30,ericpena@mail.com,Jl Jend Sudirman Kav 52-53,2022-03-24
3143044659,Nathan,Huff,1986-01-18,nathanhuff@mail.com,Jl Halimun 39 Guntur,2022-04-08
3414544833,Dean,Dominguez,1993-06-25,deandominguez@mail.com,Jl Gajah Mada 3-5 Kompl Duta Merlin Bl A/46-49,2022-09-29
4262544917,Courtney,Morton,2016-09-12,courtneymorton@mail.com,Jl Jend Sudirman Kav 61-62 Summitmas Ii Lt 15,2022-12-22
3991344803,Steven,Swanson,2009-04-10,stevenswanson@mail.com,Jl Senen Raya 135,2022-08-30
3966244768,Zachary,Collins,2008-08-02,zacharycollins@mail.com,Jl Raya Pd Kelapa 7,2022-07-26
3516544562,Isabella,Edwards,1996-04-10,isabellaedwards@mail.com,Jl Manggarai Slt IX 39 D RT 011/01 Bukit Duri,2022-01-01
3435944918,Victoria,Fox,1994-01-25,victoriafox@mail.com,Ged Bakrie,2022-12-23
3546144889,Angela,Miller,1997-01-31,angelamiller@mail.com,Ged ITC Fatmawati KS,2022-11-24
4091544699,Daniel,Morris,2012-01-07,danielmorris@mail.com,Jl Raya Pluit Tmr 15,2022-05-18
3729944918,Amber,Lewis,2002-02-12,amberlewis@mail.com,Jl Sentra Primer Baru,2022-12-23
3623844581,Sarah,Diaz,1999-03-19,sarahdiaz@mail.com,Jl Jend Sudirman Kav 52-53,2022-01-20
4057944660,John,Yang,2011-02-05,johnyang@mail.com,Jl Mangga Dua Raya ITC Mangga Dua Bl C/57,2022-04-09
3357244638,Sonia,Mullins,1991-11-30,soniamullins@mail.com,Jl H Agus Salim 2 B,2022-03-18
4112344638,Danielle,Cruz,2012-08-02,daniellecruz@mail.com,Mal Ciputra LG-I/13,2022-03-18
3343944817,Jenny,Fischer,1991-07-20,jennyfischer@mail.com,Ged Bendungan Hilir,2022-09-13
4123244602,Nathan,Compton,2012-11-19,nathancompton@mail.com,Psr Tanah Abang Bl A/23,2022-02-10
3936444860,Elizabeth,Porter,2007-10-09,elizabethporter@mail.com,No.31B Jl. H Samali Kalibata kalibata Jakarta selatan 12740,2022-10-26
4003044728,Barry,Ross,2009-08-05,barryross@mail.com,Jl Raya Cakung Cilincing Gudang East 004,2022-06-16
3565944741,Ryan,Hall,1997-08-17,ryanhall@mail.com,Jl Sentra Primer Baru,2022-06-29
3310744630,Joshua,Arellano,1990-08-22,joshuaarellano@mail.com,Jl Mayjen DI Panjaitan Kav 40/45,2022-03-10
3327644815,Erin,Simmons,1991-02-07,erinsimmons@mail.com,Jl Jend A Yani 2 Perk Pulomas Satu Ged 5 Lt 2 Ruang 3 Kayu Putih,2022-09-11
4261244644,Chad,Hall,2016-08-30,chadhall@mail.com,JL. Mega Kuningan Lot 5.1 Menara Rajawali Lt 27 12950,2022-03-24
4099144697,Katherine,Holmes,2012-03-23,katherineholmes@mail.com,Jl Patra Raya 1 D RT 008/08 Dki Jakarta,2022-05-16
3111044830,Jeffrey,Cox,1985-03-04,jeffreycox@mail.com,Jl Jend Sudirman Kav 60 Menara Sudirman Dki Jakarta,2022-09-26
3512744710,Sabrina,Fischer,1996-03-03,sabrinafischer@mail.com,Jl RS Fatmawati 15 Golden Plaza Bl D/9 Dki Jakarta,2022-05-29
4008444696,Luis,Jacobs,2009-09-28,luisjacobs@mail.com,Jl Tanah Abang Tmr 10 Dki Jakarta,2022-05-15
3685344875,Olivia,Rodriguez,2000-11-23,oliviarodriguez@mail.com,Jl Batuceper 89 Kebon Kelapa,2022-11-10
3568944666,Ryan,Butler,1997-09-16,ryanbutler@mail.com,Jl Jatinegara Brt 72 F,2022-04-15
4033144798,John,Patton,2010-06-02,johnpatton@mail.com,Jl Danau Laut Tawar 61 A,2022-08-25
3764444687,Brent,Lopez,2003-01-23,brentlopez@mail.com,JL Kayu Putih Timur Kav 17413260,2022-05-06
3565744803,Bryan,Willis,1997-08-15,bryanwillis@mail.com,Jl Masjid Bendungan 1 13630,2022-08-30
3420944646,Stephanie,Oneill,1993-08-28,stephanieoneill@mail.com,Jl Letjen S Parman Kav 12 Wisma Slipi Lt 7 Suite 709,2022-03-26
3366844664,Kelly,Edwards,1992-03-05,kellyedwards@mail.com,Jl Asem Baris Raya 5,2022-04-13
3221644796,Nancy,Saunders,1988-03-14,nancysaunders@mail.com,Jl Suci 13 RT 007/04,2022-08-23
4244044808,Lauren,Barnes,2016-03-11,laurenbarnes@mail.com,Jl RS Fatmawati 74 Jl RS Fatmawati 74,2022-09-04
3203544913,Ariel,Vance,1987-09-15,arielvance@mail.com,Jl Mampang Prapatan XI/13,2022-12-18
3306644765,Benjamin,Mclean,1990-07-12,benjaminmclean@mail.com,Jl Arjuna 4 A,2022-07-23
3146644677,John,Garrett,1986-02-23,johngarrett@mail.com,Jl Pancoran 21,2022-04-26
3938144871,Alan,Velez,2007-10-26,alanvelez@mail.com,Jl Mangga Dua Raya ITC Mangga Dua Bl B/33,2022-11-06
3498244581,Rick,Richards,1995-10-10,rickrichards@mail.com,Jl Kalibaru Tmr 5D 4B RT 002/013,2022-01-20
3750444644,Jeanne,Atkinson,2002-09-05,jeanneatkinson@mail.com,Jl P Jayakarta 14/9-10,2022-03-24
4048744676,John,Murphy,2010-11-05,johnmurphy@mail.com,Jl Dr Setiabudi 29,2022-04-25
3374244688,Robert,Harris,1992-05-18,robertharris@mail.com,Jl Raya Cilincing 26 A,2022-05-07
4107944814,Mario,Stewart,2012-06-19,mariostewart@mail.com,Jl Sakti II/26,2022-09-10
3271744775,Lindsay,Wright,1989-07-28,lindsaywright@mail.com,Jl Kemang Raya 3-5,2022-08-02
3591544753,Cassandra,Hurley,1998-04-30,cassandrahurley@mail.com,Jl Kapuk Kamal 34,2022-07-11
3309844673,Laura,Richards,1990-08-13,laurarichards@mail.com,Jl Rawamangun Utr II 24 D,2022-04-22